Fund Name,P1,P2,P3,P4,P5,Topsis Score,Rank
M1,0.67,0.45,6.5,42.6,12.56,0.4663588707668627,2
M2,0.6,0.36,3.5,53.3,14.47,0.18920315896897685,5
M3,0.82,0.67,3.8,63.1,17.1,0.5839529705002151,1
M4,0.6,0.36,3.5,69.2,18.42,0.3962377806383479,4
M5,0.76,0.58,4.8,43.0,12.29,0.43212200066502293,3
